propertyID,price,latitude,longitude,bed,bath,acre_lot,city,zip_code,house_size,country,address
1,149900,26.08849,-80.181724,0,0,0.17,Dania Beach,33312,0,United States of America,", Dania Beach, , 33312, United States of America"
2,420000,26.08849,-80.181724,2,1,0.14,Fort Lauderdale,33312,988,United States of America,", Fort Lauderdale, , 33312, United States of America"
3,129000,26.08849,-80.181724,2,2,0.07,Fort Lauderdale,33312,1003,United States of America,", Fort Lauderdale, , 33312, United States of America"
4,179900,26.08849,-80.181724,2,2,0.07,Fort Lauderdale,33312,883,United States of America,", Fort Lauderdale, , 33312, United States of America"
5,475000,26.08849,-80.181724,3,3,0.19,Fort Lauderdale,33312,1417,United States of America,", Fort Lauderdale, , 33312, United States of America"
6,1119000,26.08849,-80.181724,5,4,0.0,Dania Beach,33312,4174,United States of America,", Dania Beach, , 33312, United States of America"
7,649000,26.08849,-80.181724,3,3,0.11,Dania Beach,33312,2187,United States of America,", Dania Beach, , 33312, United States of America"
8,618000,26.08849,-80.181724,3,3,0.1,Fort Lauderdale,33312,1508,United States of America,", Fort Lauderdale, , 33312, United States of America"
9,1399000,26.08849,-80.181724,5,4,0.0,Dania Beach,33312,0,United States of America,", Dania Beach, , 33312, United States of America"
10,2175000,26.08849,-80.181724,6,6,0.23,Hollywood,33312,4764,United States of America,", Hollywood, , 33312, United States of America"
11,799000,26.08849,-80.181724,3,3,0.07,Fort Lauderdale,33312,1806,United States of America,", Fort Lauderdale, , 33312, United States of America"
12,879000,26.08849,-80.181724,4,1,0.15,Fort Lauderdale,33312,1400,United States of America,", Fort Lauderdale, , 33312, United States of America"
13,1025000,26.08849,-80.181724,3,3,0.16,Fort Lauderdale,33312,1985,United States of America,", Fort Lauderdale, , 33312, United States of America"
14,1149000,26.08849,-80.181724,5,4,0.0,Dania Beach,33312,4152,United States of America,", Dania Beach, , 33312, United States of America"
15,420000,26.08849,-80.181724,0,0,0.45,Fort Lauderdale,33312,0,United States of America,", Fort Lauderdale, , 33312, United States of America"
16,1539900,26.08849,-80.181724,5,5,0.19,Hollywood,33312,0,United States of America,", Hollywood, , 33312, United States of America"
17,1590000,26.08849,-80.181724,3,2,0.2,Fort Lauderdale,33312,1781,United States of America,", Fort Lauderdale, , 33312, United States of America"
18,2099900,26.08849,-80.181724,6,6,0.22,Fort Lauderdale,33312,0,United States of America,", Fort Lauderdale, , 33312, United States of America"
19,849900,26.08849,-80.181724,8,4,0.0,Fort Lauderdale,33312,3140,United States of America,", Fort Lauderdale, , 33312, United States of America"
20,1555000,26.08849,-80.181724,5,5,0.18,Hollywood,33312,4056,United States of America,", Hollywood, , 33312, United States of America"
21,1295000,26.08849,-80.181724,5,4,0.0,Dania Beach,33312,0,United States of America,", Dania Beach, , 33312, United States of America"
22,1359900,26.08849,-80.181724,5,4,0.0,Dania Beach,33312,0,United States of America,", Dania Beach, , 33312, United States of America"
23,629900,26.08849,-80.181724,0,0,0.43,Fort Lauderdale,33312,0,United States of America,", Fort Lauderdale, , 33312, United States of America"
24,1689900,26.08849,-80.181724,5,5,0.22,Hollywood,33312,4056,United States of America,", Hollywood, , 33312, United States of America"
25,2279900,26.08849,-80.181724,6,7,0.23,Fort Lauderdale,33312,5066,United States of America,", Fort Lauderdale, , 33312, United States of America"
26,550000,26.08849,-80.181724,0,0,0.18,Fort Lauderdale,33312,0,United States of America,", Fort Lauderdale, , 33312, United States of America"
27,15000000,26.08849,-80.181724,1,2,4.56,Fort Lauderdale,33312,1736,United States of America,", Fort Lauderdale, , 33312, United States of America"
28,1479900,26.08849,-80.181724,4,4,0.18,Fort Lauderdale,33312,0,United States of America,", Fort Lauderdale, , 33312, United States of America"
29,1749900,26.08849,-80.181724,5,6,0.18,Fort Lauderdale,33312,3897,United States of America,", Fort Lauderdale, , 33312, United States of America"
30,1849900,26.08849,-80.181724,5,5,0.18,Fort Lauderdale,33312,4236,United States of America,", Fort Lauderdale, , 33312, United States of America"
31,2500000,26.08849,-80.181724,0,0,1.3,Fort Lauderdale,33312,0,United States of America,", Fort Lauderdale, , 33312, United States of America"
32,259500,26.08849,-80.181724,3,2,0.07,Fort Lauderdale,33312,1496,United States of America,", Fort Lauderdale, , 33312, United States of America"
33,360000,26.08849,-80.181724,3,2,0.17,Fort Lauderdale,33312,1780,United States of America,", Fort Lauderdale, , 33312, United States of America"
34,238500,26.08849,-80.181724,2,2,0.09,Fort Lauderdale,33312,1180,United States of America,", Fort Lauderdale, , 33312, United States of America"
35,365000,26.08849,-80.181724,4,2,0.22,Fort Lauderdale,33312,1820,United States of America,", Fort Lauderdale, , 33312, United States of America"
36,249000,26.08849,-80.181724,2,2,0.1,Dania Beach,33312,1280,United States of America,", Dania Beach, , 33312, United States of America"
37,246000,26.08849,-80.181724,2,2,0.09,Fort Lauderdale,33312,1038,United States of America,", Fort Lauderdale, , 33312, United States of America"
38,460000,26.08849,-80.181724,3,2,0.23,Fort Lauderdale,33312,1088,United States of America,", Fort Lauderdale, , 33312, United States of America"
39,219000,26.08849,-80.181724,2,2,0.11,Fort Lauderdale,33312,1074,United States of America,", Fort Lauderdale, , 33312, United States of America"
40,354900,26.08849,-80.181724,3,2,0.2,Fort Lauderdale,33312,1074,United States of America,", Fort Lauderdale, , 33312, United States of America"
41,180000,26.08849,-80.181724,2,2,0.07,Fort Lauderdale,33312,907,United States of America,", Fort Lauderdale, , 33312, United States of America"
42,275000,26.08849,-80.181724,2,1,0.34,Fort Lauderdale,33312,1152,United States of America,", Fort Lauderdale, , 33312, United States of America"
43,301000,26.08849,-80.181724,3,1,0.19,Fort Lauderdale,33312,782,United States of America,", Fort Lauderdale, , 33312, United States of America"
44,319900,26.08849,-80.181724,2,1,0.23,Fort Lauderdale,33312,875,United States of America,", Fort Lauderdale, , 33312, United States of America"
45,335000,26.08849,-80.181724,2,2,0.19,Fort Lauderdale,33312,960,United States of America,", Fort Lauderdale, , 33312, United States of America"
46,350000,26.08849,-80.181724,3,3,0.0,Dania Beach,33312,1382,United States of America,", Dania Beach, , 33312, United States of America"
47,399900,26.08849,-80.181724,4,2,0.17,Fort Lauderdale,33312,1905,United States of America,", Fort Lauderdale, , 33312, United States of America"
48,349943,26.08849,-80.181724,2,1,0.14,Fort Lauderdale,33312,1035,United States of America,", Fort Lauderdale, , 33312, United States of America"
49,140000,26.08849,-80.181724,1,1,0.0,Dania Beach,33312,700,United States of America,", Dania Beach, , 33312, United States of America"
50,899900,26.08849,-80.181724,5,4,0.11,Fort Lauderdale,33312,3200,United States of America,", Fort Lauderdale, , 33312, United States of America"
51,595000,26.08849,-80.181724,3,2,0.2,Fort Lauderdale,33312,1814,United States of America,", Fort Lauderdale, , 33312, United States of America"
52,669000,26.08849,-80.181724,3,2,0.11,Hollywood,33312,1648,United States of America,", Hollywood, , 33312, United States of America"
53,2850000,26.08849,-80.181724,5,6,0.2,Fort Lauderdale,33312,4022,United States of America,", Fort Lauderdale, , 33312, United States of America"
54,549900,26.08849,-80.181724,4,2,0.16,Fort Lauderdale,33312,1881,United States of America,", Fort Lauderdale, , 33312, United States of America"
55,1695000,26.08849,-80.181724,4,3,0.18,Fort Lauderdale,33312,2500,United States of America,", Fort Lauderdale, , 33312, United States of America"
56,2650000,26.08849,-80.181724,6,6,0.18,Fort Lauderdale,33312,4764,United States of America,", Fort Lauderdale, , 33312, United States of America"
57,1950000,26.08849,-80.181724,3,3,0.17,Fort Lauderdale,33312,2089,United States of America,", Fort Lauderdale, , 33312, United States of America"
58,519000,26.08849,-80.181724,5,3,0.0,Fort Lauderdale,33312,1921,United States of America,", Fort Lauderdale, , 33312, United States of America"
59,580000,26.08849,-80.181724,3,2,0.18,Fort Lauderdale,33312,1500,United States of America,", Fort Lauderdale, , 33312, United States of America"
60,765000,26.08849,-80.181724,4,4,0.0,Dania Beach,33312,2344,United States of America,", Dania Beach, , 33312, United States of America"
61,2300000,26.08849,-80.181724,5,5,0.35,Dania Beach,33312,3510,United States of America,", Dania Beach, , 33312, United States of America"
62,839000,26.08849,-80.181724,2,3,0.31,Fort Lauderdale,33312,1769,United States of America,", Fort Lauderdale, , 33312, United States of America"
63,799000,26.08849,-80.181724,3,2,0.21,Fort Lauderdale,33312,1465,United States of America,", Fort Lauderdale, , 33312, United States of America"
64,2200000,26.08849,-80.181724,3,4,0.4,Fort Lauderdale,33312,2433,United States of America,", Fort Lauderdale, , 33312, United States of America"
65,1100000,26.08849,-80.181724,3,2,0.16,Fort Lauderdale,33312,1572,United States of America,", Fort Lauderdale, , 33312, United States of America"
66,1250000,26.08849,-80.181724,1,1,0.0,Fort Lauderdale,33312,1906,United States of America,", Fort Lauderdale, , 33312, United States of America"
67,1250000,26.08849,-80.181724,1,1,0.0,Fort Lauderdale,33312,1906,United States of America,", Fort Lauderdale, , 33312, United States of America"
68,2275000,26.08849,-80.181724,6,8,0.18,Fort Lauderdale,33312,5331,United States of America,", Fort Lauderdale, , 33312, United States of America"
69,2200000,26.08849,-80.181724,5,6,0.18,Fort Lauderdale,33312,3900,United States of America,", Fort Lauderdale, , 33312, United States of America"
70,1999995,26.08849,-80.181724,8,4,0.0,Fort Lauderdale,33312,2820,United States of America,", Fort Lauderdale, , 33312, United States of America"
71,1999995,26.08849,-80.181724,8,4,0.0,Fort Lauderdale,33312,2820,United States of America,", Fort Lauderdale, , 33312, United States of America"
72,330000,26.08849,-80.181724,3,2,0.13,Fort Lauderdale,33312,1086,United States of America,", Fort Lauderdale, , 33312, United States of America"
73,259000,26.08849,-80.181724,2,2,0.07,Fort Lauderdale,33312,1296,United States of America,", Fort Lauderdale, , 33312, United States of America"
74,459900,26.08849,-80.181724,4,2,0.0,Fort Lauderdale,33312,1682,United States of America,", Fort Lauderdale, , 33312, United States of America"
75,350000,26.08849,-80.181724,3,2,0.0,Fort Lauderdale,33312,1540,United States of America,", Fort Lauderdale, , 33312, United States of America"
76,115000,26.08849,-80.181724,1,1,0.0,Fort Lauderdale,33312,372,United States of America,", Fort Lauderdale, , 33312, United States of America"
77,295000,26.08849,-80.181724,3,1,0.14,Fort Lauderdale,33312,888,United States of America,", Fort Lauderdale, , 33312, United States of America"
78,309900,26.08849,-80.181724,2,1,0.15,Fort Lauderdale,33312,703,United States of America,", Fort Lauderdale, , 33312, United States of America"
79,360000,26.08849,-80.181724,2,1,0.2,Fort Lauderdale,33312,976,United States of America,", Fort Lauderdale, , 33312, United States of America"
80,879862,26.08849,-80.181724,4,3,0.1,Fort Lauderdale,33312,2184,United States of America,", Fort Lauderdale, , 33312, United States of America"
81,397000,26.08849,-80.181724,3,2,0.16,Fort Lauderdale,33312,1313,United States of America,", Fort Lauderdale, , 33312, United States of America"
82,405000,26.08849,-80.181724,5,3,0.29,Fort Lauderdale,33312,1624,United States of America,", Fort Lauderdale, , 33312, United States of America"
83,400000,26.08849,-80.181724,3,2,0.21,Fort Lauderdale,33312,1276,United States of America,", Fort Lauderdale, , 33312, United States of America"
84,335000,26.08849,-80.181724,3,1,0.23,Fort Lauderdale,33312,1053,United States of America,", Fort Lauderdale, , 33312, United States of America"
85,499000,26.08849,-80.181724,3,3,0.03,Fort Lauderdale,33312,1497,United States of America,", Fort Lauderdale, , 33312, United States of America"
86,484000,26.08849,-80.181724,3,2,0.16,Fort Lauderdale,33312,1512,United States of America,", Fort Lauderdale, , 33312, United States of America"
87,499000,26.08849,-80.181724,2,2,0.14,Fort Lauderdale,33312,1246,United States of America,", Fort Lauderdale, , 33312, United States of America"
88,695000,26.08849,-80.181724,3,2,0.45,Fort Lauderdale,33312,1768,United States of America,", Fort Lauderdale, , 33312, United States of America"
89,455000,26.08849,-80.181724,3,2,0.23,Fort Lauderdale,33312,1706,United States of America,", Fort Lauderdale, , 33312, United States of America"
90,485000,26.08849,-80.181724,4,2,0.2,Fort Lauderdale,33312,1920,United States of America,", Fort Lauderdale, , 33312, United States of America"
91,599000,26.08849,-80.181724,2,3,0.0,Fort Lauderdale,33312,1298,United States of America,", Fort Lauderdale, , 33312, United States of America"
92,1395000,26.08849,-80.181724,4,4,0.2,Fort Lauderdale,33312,2052,United States of America,", Fort Lauderdale, , 33312, United States of America"
93,675000,26.08849,-80.181724,2,2,0.0,Fort Lauderdale,33312,1298,United States of America,", Fort Lauderdale, , 33312, United States of America"
94,525000,26.08849,-80.181724,3,3,0.03,Fort Lauderdale,33312,1516,United States of America,", Fort Lauderdale, , 33312, United States of America"
95,799000,26.08849,-80.181724,2,2,0.0,Fort Lauderdale,33312,1348,United States of America,", Fort Lauderdale, , 33312, United States of America"
96,459000,26.08849,-80.181724,3,2,0.17,Fort Lauderdale,33312,1526,United States of America,", Fort Lauderdale, , 33312, United States of America"
97,750000,26.08849,-80.181724,5,3,0.5,Dania Beach,33312,2111,United States of America,", Dania Beach, , 33312, United States of America"
98,439000,26.08849,-80.181724,3,2,0.17,Fort Lauderdale,33312,1094,United States of America,", Fort Lauderdale, , 33312, United States of America"
99,935000,26.08849,-80.181724,3,2,0.16,Fort Lauderdale,33312,1960,United States of America,", Fort Lauderdale, , 33312, United States of America"
100,475000,26.08849,-80.181724,3,2,0.14,Fort Lauderdale,33312,1199,United States of America,", Fort Lauderdale, , 33312, United States of America"
101,425000,26.08849,-80.181724,3,2,0.23,Fort Lauderdale,33312,1215,United States of America,", Fort Lauderdale, , 33312, United States of America"
102,859000,26.08849,-80.181724,4,4,0.0,Fort Lauderdale,33312,2213,United States of America,", Fort Lauderdale, , 33312, United States of America"
103,1125000,26.08849,-80.181724,3,3,0.15,Fort Lauderdale,33312,2109,United States of America,", Fort Lauderdale, , 33312, United States of America"
104,315000,26.08849,-80.181724,0,0,0.16,Fort Lauderdale,33312,0,United States of America,", Fort Lauderdale, , 33312, United States of America"
105,1549900,26.08849,-80.181724,4,3,0.16,Fort Lauderdale,33312,1997,United States of America,", Fort Lauderdale, , 33312, United States of America"
106,235000,25.651007,-80.486317,4,3,0.22,Miami,33196,2005,United States of America,", Miami, , 33196, United States of America"
107,362000,25.651007,-80.486317,3,3,0.0,Miami,33196,1740,United States of America,", Miami, , 33196, United States of America"
108,370000,25.651007,-80.486317,2,2,0.0,Miami,33196,1245,United States of America,", Miami, , 33196, United States of America"
109,250000,25.651007,-80.486317,0,0,2.5,Miami,33196,0,United States of America,", Miami, , 33196, United States of America"
110,430000,25.651007,-80.486317,3,3,0.07,Miami,33196,1702,United States of America,", Miami, , 33196, United States of America"
111,474900,25.651007,-80.486317,4,3,0.06,Miami,33196,1906,United States of America,", Miami, , 33196, United States of America"
112,518500,25.651007,-80.486317,4,2,0.1,Miami,33196,2004,United States of America,", Miami, , 33196, United States of America"
113,518500,25.651007,-80.486317,4,2,0.1,Miami,33196,2004,United States of America,", Miami, , 33196, United States of America"
114,457700,25.651007,-80.486317,4,3,0.0,Miami,33196,1876,United States of America,", Miami, , 33196, United States of America"
115,695000,25.598573,-80.355657,0,0,5.0,Homestead,33196,0,United States of America,", Homestead, , 33196, United States of America"
116,19900000,26.121323,-80.127909,5,8,0.62,Fort Lauderdale,33301,10218,United States of America,", Fort Lauderdale, , 33301, United States of America"
117,1319000,26.121323,-80.127909,3,4,0.0,Fort Lauderdale,33301,3033,United States of America,", Fort Lauderdale, , 33301, United States of America"
118,785000,26.121323,-80.127909,3,3,0.0,Fort Lauderdale,33301,1759,United States of America,", Fort Lauderdale, , 33301, United States of America"
119,745000,26.121323,-80.127909,4,3,0.0,Fort Lauderdale,33301,1650,United States of America,", Fort Lauderdale, , 33301, United States of America"
120,320000,26.121323,-80.127909,2,2,0.0,Fort Lauderdale,33301,1228,United States of America,", Fort Lauderdale, , 33301, United States of America"
121,289000,26.121323,-80.127909,2,2,0.0,Fort Lauderdale,33301,0,United States of America,", Fort Lauderdale, , 33301, United States of America"
122,1495000,26.121323,-80.127909,3,4,0.0,Fort Lauderdale,33301,3042,United States of America,", Fort Lauderdale, , 33301, United States of America"
123,5500000,26.121323,-80.127909,6,8,0.33,Fort Lauderdale,33301,5710,United States of America,", Fort Lauderdale, , 33301, United States of America"
124,3950000,26.121323,-80.127909,5,5,0.15,Fort Lauderdale,33301,4097,United States of America,", Fort Lauderdale, , 33301, United States of America"
125,10995000,26.121323,-80.127909,0,0,0.45,Fort Lauderdale,33301,0,United States of America,", Fort Lauderdale, , 33301, United States of America"
126,3200000,26.121323,-80.127909,0,0,0.66,Fort Lauderdale,33301,0,United States of America,", Fort Lauderdale, , 33301, United States of America"
127,3650000,26.121323,-80.127909,4,4,0.14,Fort Lauderdale,33301,3366,United States of America,", Fort Lauderdale, , 33301, United States of America"
128,1734000,26.121323,-80.127909,3,4,0.0,Fort Lauderdale,33301,2285,United States of America,", Fort Lauderdale, , 33301, United States of America"
129,3985000,26.121323,-80.127909,4,5,0.0,Fort Lauderdale,33301,4456,United States of America,", Fort Lauderdale, , 33301, United States of America"
130,2394000,26.121323,-80.127909,3,4,0.0,Fort Lauderdale,33301,2875,United States of America,", Fort Lauderdale, , 33301, United States of America"
131,2205000,26.121323,-80.127909,3,4,0.0,Fort Lauderdale,33301,2918,United States of America,", Fort Lauderdale, , 33301, United States of America"
132,2289000,26.121323,-80.127909,3,4,0.0,Fort Lauderdale,33301,2875,United States of America,", Fort Lauderdale, , 33301, United States of America"
133,795000,26.121323,-80.127909,0,0,0.15,Fort Lauderdale,33301,0,United States of America,", Fort Lauderdale, , 33301, United States of America"
134,34995000,26.121323,-80.127909,6,9,0.44,Fort Lauderdale,33301,10160,United States of America,", Fort Lauderdale, , 33301, United States of America"
135,288000,26.121323,-80.127909,1,1,0.0,Fort Lauderdale,33301,685,United States of America,", Fort Lauderdale, , 33301, United States of America"
136,1530000,26.121323,-80.127909,3,4,0.0,Fort Lauderdale,33301,3042,United States of America,", Fort Lauderdale, , 33301, United States of America"
137,265000,26.121323,-80.127909,1,1,0.0,Fort Lauderdale,33301,580,United States of America,", Fort Lauderdale, , 33301, United States of America"
138,7998000,26.121323,-80.127909,6,7,0.23,Fort Lauderdale,33301,6140,United States of America,", Fort Lauderdale, , 33301, United States of America"
139,379000,26.121323,-80.127909,2,2,0.0,Fort Lauderdale,33301,1222,United States of America,", Fort Lauderdale, , 33301, United States of America"
140,1800000,26.121323,-80.127909,3,4,0.0,Fort Lauderdale,33301,3280,United States of America,", Fort Lauderdale, , 33301, United States of America"
141,4700000,26.121323,-80.127909,6,6,0.23,Fort Lauderdale,33301,5658,United States of America,", Fort Lauderdale, , 33301, United States of America"
142,1615000,26.121323,-80.127909,3,4,0.0,Fort Lauderdale,33301,3042,United States of America,", Fort Lauderdale, , 33301, United States of America"
143,1650000,26.121323,-80.127909,3,4,0.19,Fort Lauderdale,33301,0,United States of America,", Fort Lauderdale, , 33301, United States of America"
144,4199000,26.121323,-80.127909,6,6,0.25,Fort Lauderdale,33301,4632,United States of America,", Fort Lauderdale, , 33301, United States of America"
145,349000,26.121323,-80.127909,2,2,0.0,Fort Lauderdale,33301,1230,United States of America,", Fort Lauderdale, , 33301, United States of America"
146,6999999,26.121323,-80.127909,5,5,0.22,Fort Lauderdale,33301,5440,United States of America,", Fort Lauderdale, , 33301, United States of America"
147,5595000,26.121323,-80.127909,5,6,0.24,Fort Lauderdale,33301,4653,United States of America,", Fort Lauderdale, , 33301, United States of America"
148,2388888,26.121323,-80.127909,3,3,0.21,Fort Lauderdale,33301,1861,United States of America,", Fort Lauderdale, , 33301, United States of America"
149,1799000,26.121323,-80.127909,2,3,0.0,Fort Lauderdale,33301,1867,United States of America,", Fort Lauderdale, , 33301, United States of America"
150,1995000,26.121323,-80.127909,3,4,0.0,Fort Lauderdale,33301,2625,United States of America,", Fort Lauderdale, , 33301, United States of America"
151,2400000,26.121323,-80.127909,4,5,0.0,Fort Lauderdale,33301,3978,United States of America,", Fort Lauderdale, , 33301, United States of America"
152,2200000,26.121323,-80.127909,4,5,0.15,Fort Lauderdale,33301,3657,United States of America,", Fort Lauderdale, , 33301, United States of America"
153,3995000,26.121323,-80.127909,6,5,0.19,Fort Lauderdale,33301,5086,United States of America,", Fort Lauderdale, , 33301, United States of America"
154,2795000,26.121323,-80.127909,5,7,0.0,Fort Lauderdale,33301,4595,United States of America,", Fort Lauderdale, , 33301, United States of America"
155,1995000,26.121323,-80.127909,5,6,0.14,Fort Lauderdale,33301,3500,United States of America,", Fort Lauderdale, , 33301, United States of America"
156,1785000,26.121323,-80.127909,3,4,0.0,Fort Lauderdale,33301,3265,United States of America,", Fort Lauderdale, , 33301, United States of America"
157,5950000,26.121323,-80.127909,4,5,0.0,Fort Lauderdale,33301,5154,United States of America,", Fort Lauderdale, , 33301, United States of America"
158,3249000,26.121323,-80.127909,4,6,0.22,Fort Lauderdale,33301,4500,United States of America,", Fort Lauderdale, , 33301, United States of America"
159,2200000,26.121323,-80.127909,4,4,0.19,Fort Lauderdale,33301,2895,United States of America,", Fort Lauderdale, , 33301, United States of America"
160,2169000,26.121323,-80.127909,3,4,0.0,Fort Lauderdale,33301,2964,United States of America,", Fort Lauderdale, , 33301, United States of America"
161,2195000,26.121323,-80.127909,3,3,0.0,Fort Lauderdale,33301,3150,United States of America,", Fort Lauderdale, , 33301, United States of America"
162,2150000,26.121323,-80.127909,3,3,0.0,Fort Lauderdale,33301,2395,United States of America,", Fort Lauderdale, , 33301, United States of America"
163,2150000,26.121323,-80.127909,3,4,0.0,Fort Lauderdale,33301,3280,United States of America,", Fort Lauderdale, , 33301, United States of America"
164,7500000,26.121323,-80.127909,5,7,0.0,Fort Lauderdale,33301,6155,United States of America,", Fort Lauderdale, , 33301, United States of America"
165,4800000,26.121323,-80.127909,6,7,0.0,Fort Lauderdale,33301,4875,United States of America,", Fort Lauderdale, , 33301, United States of America"
166,2350000,26.121323,-80.127909,3,5,0.0,Fort Lauderdale,33301,3131,United States of America,", Fort Lauderdale, , 33301, United States of America"
167,3500000,26.121323,-80.127909,0,0,0.25,Fort Lauderdale,33301,0,United States of America,", Fort Lauderdale, , 33301, United States of America"
168,2450000,26.121323,-80.127909,3,5,0.0,Fort Lauderdale,33301,3131,United States of America,", Fort Lauderdale, , 33301, United States of America"
169,1850000,26.121323,-80.127909,3,4,0.0,Fort Lauderdale,33301,2285,United States of America,", Fort Lauderdale, , 33301, United States of America"
170,2205000,26.121323,-80.127909,3,4,0.0,Fort Lauderdale,33301,2918,United States of America,", Fort Lauderdale, , 33301, United States of America"
171,1945000,26.121323,-80.127909,3,4,0.0,Fort Lauderdale,33301,0,United States of America,", Fort Lauderdale, , 33301, United States of America"
172,2499000,26.121323,-80.127909,3,4,0.0,Fort Lauderdale,33301,2875,United States of America,", Fort Lauderdale, , 33301, United States of America"
173,2465900,26.121323,-80.127909,3,4,0.0,Fort Lauderdale,33301,2875,United States of America,", Fort Lauderdale, , 33301, United States of America"
174,460000,26.121323,-80.127909,2,2,0.0,Fort Lauderdale,33301,1534,United States of America,", Fort Lauderdale, , 33301, United States of America"
175,300000,26.121323,-80.127909,2,2,0.0,Fort Lauderdale,33301,1240,United States of America,", Fort Lauderdale, , 33301, United States of America"
176,18500000,26.121323,-80.127909,6,9,0.4,Fort Lauderdale,33301,10445,United States of America,", Fort Lauderdale, , 33301, United States of America"
177,690000,26.121323,-80.127909,2,3,0.0,Fort Lauderdale,33301,1689,United States of America,", Fort Lauderdale, , 33301, United States of America"
178,1395000,26.121323,-80.127909,3,4,0.0,Fort Lauderdale,33301,2996,United States of America,", Fort Lauderdale, , 33301, United States of America"
179,295000,26.121323,-80.127909,2,1,0.0,Fort Lauderdale,33301,850,United States of America,", Fort Lauderdale, , 33301, United States of America"
180,12950000,26.121323,-80.127909,6,6,0.33,Fort Lauderdale,33301,8652,United States of America,", Fort Lauderdale, , 33301, United States of America"
181,445000,26.121323,-80.127909,2,2,0.0,Fort Lauderdale,33301,1270,United States of America,", Fort Lauderdale, , 33301, United States of America"
182,12900000,26.121323,-80.127909,7,10,0.32,Fort Lauderdale,33301,9207,United States of America,", Fort Lauderdale, , 33301, United States of America"
183,675000,26.121323,-80.127909,2,2,0.0,Fort Lauderdale,33301,1162,United States of America,", Fort Lauderdale, , 33301, United States of America"
184,1645000,26.121323,-80.127909,4,3,0.13,Fort Lauderdale,33301,2211,United States of America,", Fort Lauderdale, , 33301, United States of America"
185,499000,26.121323,-80.127909,2,2,0.0,Fort Lauderdale,33301,1271,United States of America,", Fort Lauderdale, , 33301, United States of America"
186,760000,26.121323,-80.127909,2,3,0.0,Fort Lauderdale,33301,1697,United States of America,", Fort Lauderdale, , 33301, United States of America"
187,565000,26.121323,-80.127909,2,2,0.0,Fort Lauderdale,33301,1244,United States of America,", Fort Lauderdale, , 33301, United States of America"
188,10775000,26.121323,-80.127909,3,6,0.28,Fort Lauderdale,33301,5485,United States of America,", Fort Lauderdale, , 33301, United States of America"
189,5700000,26.121323,-80.127909,4,5,0.25,Fort Lauderdale,33301,4632,United States of America,", Fort Lauderdale, , 33301, United States of America"
190,460000,26.121323,-80.127909,1,2,0.0,Fort Lauderdale,33301,1410,United States of America,", Fort Lauderdale, , 33301, United States of America"
191,249900,26.121323,-80.127909,1,1,0.0,Fort Lauderdale,33301,625,United States of America,", Fort Lauderdale, , 33301, United States of America"
192,770000,26.121323,-80.127909,2,3,0.0,Fort Lauderdale,33301,1697,United States of America,", Fort Lauderdale, , 33301, United States of America"
193,1699000,26.121323,-80.127909,2,3,0.0,Fort Lauderdale,33301,2210,United States of America,", Fort Lauderdale, , 33301, United States of America"
194,479000,26.121323,-80.127909,1,2,0.0,Fort Lauderdale,33301,1455,United States of America,", Fort Lauderdale, , 33301, United States of America"
195,3500000,26.121323,-80.127909,3,3,0.26,Fort Lauderdale,33301,1541,United States of America,", Fort Lauderdale, , 33301, United States of America"
196,760000,26.121323,-80.127909,4,3,0.0,Fort Lauderdale,33301,1713,United States of America,", Fort Lauderdale, , 33301, United States of America"
197,755000,26.121323,-80.127909,4,3,0.0,Fort Lauderdale,33301,1713,United States of America,", Fort Lauderdale, , 33301, United States of America"
198,760000,26.121323,-80.127909,4,3,0.0,Fort Lauderdale,33301,1713,United States of America,", Fort Lauderdale, , 33301, United States of America"
199,6995000,26.121323,-80.127909,5,6,0.28,Fort Lauderdale,33301,5925,United States of America,", Fort Lauderdale, , 33301, United States of America"
200,995000,26.121323,-80.127909,2,3,0.0,Fort Lauderdale,33301,2129,United States of America,", Fort Lauderdale, , 33301, United States of America"
201,745000,26.121323,-80.127909,4,3,0.0,Fort Lauderdale,33301,1713,United States of America,", Fort Lauderdale, , 33301, United States of America"
202,6500000,26.121323,-80.127909,5,6,0.0,Fort Lauderdale,33301,8329,United States of America,", Fort Lauderdale, , 33301, United States of America"
203,1800000,26.121323,-80.127909,8,5,0.0,Fort Lauderdale,33301,3321,United States of America,", Fort Lauderdale, , 33301, United States of America"
204,7495000,26.121323,-80.127909,6,9,0.29,Fort Lauderdale,33301,7108,United States of America,", Fort Lauderdale, , 33301, United States of America"
205,5600000,26.121323,-80.127909,6,6,0.28,Fort Lauderdale,33301,6254,United States of America,", Fort Lauderdale, , 33301, United States of America"
206,9950000,26.121323,-80.127909,0,0,0.47,Fort Lauderdale,33301,0,United States of America,", Fort Lauderdale, , 33301, United States of America"
207,3900000,26.121323,-80.127909,4,6,0.35,Fort Lauderdale,33301,4443,United States of America,", Fort Lauderdale, , 33301, United States of America"
208,2200000,26.121323,-80.127909,5,6,0.1,Fort Lauderdale,33301,3500,United States of America,", Fort Lauderdale, , 33301, United States of America"
209,2200000,26.121323,-80.127909,4,5,0.15,Fort Lauderdale,33301,3657,United States of America,", Fort Lauderdale, , 33301, United States of America"
210,2549000,26.121323,-80.127909,3,4,0.0,Fort Lauderdale,33301,2918,United States of America,", Fort Lauderdale, , 33301, United States of America"
211,2411900,26.121323,-80.127909,3,4,0.0,Fort Lauderdale,33301,2875,United States of America,", Fort Lauderdale, , 33301, United States of America"
212,2399000,26.121323,-80.127909,3,4,0.0,Fort Lauderdale,33301,2875,United States of America,", Fort Lauderdale, , 33301, United States of America"
213,2699000,26.121323,-80.127909,3,4,0.0,Fort Lauderdale,33301,2918,United States of America,", Fort Lauderdale, , 33301, United States of America"
214,2499900,26.121323,-80.127909,3,4,0.0,Fort Lauderdale,33301,2918,United States of America,", Fort Lauderdale, , 33301, United States of America"
215,4000000,26.121323,-80.127909,0,0,0.28,Fort Lauderdale,33301,0,United States of America,", Fort Lauderdale, , 33301, United States of America"
216,449000,26.121323,-80.127909,3,2,0.0,Fort Lauderdale,33301,1440,United States of America,", Fort Lauderdale, , 33301, United States of America"
217,34995000,26.121323,-80.127909,7,13,0.59,Fort Lauderdale,33301,13800,United States of America,", Fort Lauderdale, , 33301, United States of America"
218,249900,26.121323,-80.127909,1,1,0.0,Fort Lauderdale,33301,625,United States of America,", Fort Lauderdale, , 33301, United States of America"
219,685000,26.121323,-80.127909,2,2,0.0,Fort Lauderdale,33301,1080,United States of America,", Fort Lauderdale, , 33301, United States of America"
220,399000,26.121323,-80.127909,2,1,0.0,Fort Lauderdale,33301,894,United States of America,", Fort Lauderdale, , 33301, United States of America"
221,599000,26.121323,-80.127909,1,2,0.0,Fort Lauderdale,33301,1113,United States of America,", Fort Lauderdale, , 33301, United States of America"
222,275000,26.121323,-80.127909,1,1,0.0,Fort Lauderdale,33301,780,United States of America,", Fort Lauderdale, , 33301, United States of America"
223,320000,26.121323,-80.127909,1,1,0.0,Fort Lauderdale,33301,685,United States of America,", Fort Lauderdale, , 33301, United States of America"
224,379000,26.121323,-80.127909,2,2,0.0,Fort Lauderdale,33301,1136,United States of America,", Fort Lauderdale, , 33301, United States of America"
225,499000,26.121323,-80.127909,2,2,0.0,Fort Lauderdale,33301,1246,United States of America,", Fort Lauderdale, , 33301, United States of America"
226,875000,26.121323,-80.127909,2,2,0.0,Fort Lauderdale,33301,0,United States of America,", Fort Lauderdale, , 33301, United States of America"
227,489000,26.121323,-80.127909,1,2,0.0,Fort Lauderdale,33301,1410,United States of America,", Fort Lauderdale, , 33301, United States of America"
228,525000,26.121323,-80.127909,3,2,0.0,Fort Lauderdale,33301,1250,United States of America,", Fort Lauderdale, , 33301, United States of America"
229,399000,26.121323,-80.127909,1,1,0.0,Fort Lauderdale,33301,750,United States of America,", Fort Lauderdale, , 33301, United States of America"
230,729000,26.121323,-80.127909,3,2,0.0,Fort Lauderdale,33301,1692,United States of America,", Fort Lauderdale, , 33301, United States of America"
231,40000000,26.121323,-80.127909,6,8,0.0,Fort Lauderdale,33301,16371,United States of America,", Fort Lauderdale, , 33301, United States of America"
232,579000,26.121323,-80.127909,2,2,0.0,Fort Lauderdale,33301,1200,United States of America,", Fort Lauderdale, , 33301, United States of America"
233,12500000,26.121323,-80.127909,4,5,0.52,Fort Lauderdale,33301,6823,United States of America,", Fort Lauderdale, , 33301, United States of America"
234,1850000,26.121323,-80.127909,5,4,0.14,Fort Lauderdale,33301,0,United States of America,", Fort Lauderdale, , 33301, United States of America"
235,1400000,26.121323,-80.127909,3,2,0.19,Fort Lauderdale,33301,1834,United States of America,", Fort Lauderdale, , 33301, United States of America"
236,550000,26.121323,-80.127909,2,2,0.0,Fort Lauderdale,33301,1300,United States of America,", Fort Lauderdale, , 33301, United States of America"
237,849500,26.121323,-80.127909,2,2,0.0,Fort Lauderdale,33301,1770,United States of America,", Fort Lauderdale, , 33301, United States of America"
238,475000,26.121323,-80.127909,2,2,0.0,Fort Lauderdale,33301,1140,United States of America,", Fort Lauderdale, , 33301, United States of America"
239,829000,26.121323,-80.127909,2,2,0.0,Fort Lauderdale,33301,1204,United States of America,", Fort Lauderdale, , 33301, United States of America"
240,7900000,26.121323,-80.127909,5,5,0.21,Fort Lauderdale,33301,6058,United States of America,", Fort Lauderdale, , 33301, United States of America"
241,2250000,26.121323,-80.127909,3,4,0.18,Fort Lauderdale,33301,2546,United States of America,", Fort Lauderdale, , 33301, United States of America"
242,9800000,26.121323,-80.127909,6,5,0.2,Fort Lauderdale,33301,6545,United States of America,", Fort Lauderdale, , 33301, United States of America"
243,11513000,26.121323,-80.127909,6,9,0.27,Fort Lauderdale,33301,8024,United States of America,", Fort Lauderdale, , 33301, United States of America"
244,3690000,26.121323,-80.127909,4,4,0.15,Fort Lauderdale,33301,4004,United States of America,", Fort Lauderdale, , 33301, United States of America"
245,6900000,26.121323,-80.127909,5,7,0.22,Fort Lauderdale,33301,5264,United States of America,", Fort Lauderdale, , 33301, United States of America"
246,4495000,26.121323,-80.127909,5,7,0.21,Fort Lauderdale,33301,5082,United States of America,", Fort Lauderdale, , 33301, United States of America"
247,1495000,26.121323,-80.127909,3,4,0.0,Fort Lauderdale,33301,2635,United States of America,", Fort Lauderdale, , 33301, United States of America"
248,3480000,26.121323,-80.127909,3,2,0.19,Fort Lauderdale,33301,1214,United States of America,", Fort Lauderdale, , 33301, United States of America"
249,4795000,26.121323,-80.127909,4,6,0.25,Fort Lauderdale,33301,0,United States of America,", Fort Lauderdale, , 33301, United States of America"
250,5795000,26.121323,-80.127909,6,8,0.23,Fort Lauderdale,33301,7347,United States of America,", Fort Lauderdale, , 33301, United States of America"
251,1695000,26.121323,-80.127909,3,4,0.0,Fort Lauderdale,33301,2726,United States of America,", Fort Lauderdale, , 33301, United States of America"
252,4850000,26.121323,-80.127909,5,5,0.23,Fort Lauderdale,33301,4924,United States of America,", Fort Lauderdale, , 33301, United States of America"
253,1580000,26.121323,-80.127909,8,8,0.0,Fort Lauderdale,33301,3897,United States of America,", Fort Lauderdale, , 33301, United States of America"
254,7995000,26.121323,-80.127909,5,7,0.34,Fort Lauderdale,33301,5773,United States of America,", Fort Lauderdale, , 33301, United States of America"
255,3100000,26.121323,-80.127909,3,4,0.0,Fort Lauderdale,33301,3466,United States of America,", Fort Lauderdale, , 33301, United States of America"
256,1529000,26.121323,-80.127909,2,3,0.0,Fort Lauderdale,33301,1867,United States of America,", Fort Lauderdale, , 33301, United States of America"
257,2000000,26.121323,-80.127909,3,3,0.0,Fort Lauderdale,33301,3074,United States of America,", Fort Lauderdale, , 33301, United States of America"
258,525000,26.121323,-80.127909,2,2,0.0,Fort Lauderdale,33301,1269,United States of America,", Fort Lauderdale, , 33301, United States of America"
259,339900,26.121323,-80.127909,2,2,0.0,Fort Lauderdale,33301,880,United States of America,", Fort Lauderdale, , 33301, United States of America"
260,224900,26.121323,-80.127909,2,1,0.0,Fort Lauderdale,33301,730,United States of America,", Fort Lauderdale, , 33301, United States of America"
261,22950000,26.121323,-80.127909,7,8,0.73,Fort Lauderdale,33301,7796,United States of America,", Fort Lauderdale, , 33301, United States of America"
262,670000,26.121323,-80.127909,2,4,0.0,Fort Lauderdale,33301,1614,United States of America,", Fort Lauderdale, , 33301, United States of America"
263,369000,26.121323,-80.127909,0,0,0.0,Fort Lauderdale,33301,265,United States of America,", Fort Lauderdale, , 33301, United States of America"
264,265000,26.121323,-80.127909,1,1,0.0,Fort Lauderdale,33301,640,United States of America,", Fort Lauderdale, , 33301, United States of America"
265,1999999,26.121323,-80.127909,5,5,0.14,Fort Lauderdale,33301,3036,United States of America,", Fort Lauderdale, , 33301, United States of America"
266,425000,26.121323,-80.127909,0,0,0.0,Fort Lauderdale,33301,380,United States of America,", Fort Lauderdale, , 33301, United States of America"
267,1199000,26.121323,-80.127909,3,2,0.18,Fort Lauderdale,33301,1208,United States of America,", Fort Lauderdale, , 33301, United States of America"
268,14995000,26.121323,-80.127909,11,13,0.62,Fort Lauderdale,33301,21756,United States of America,", Fort Lauderdale, , 33301, United States of America"
269,330000,26.121323,-80.127909,2,2,0.0,Fort Lauderdale,33301,0,United States of America,", Fort Lauderdale, , 33301, United States of America"
270,415000,26.121323,-80.127909,1,1,0.0,Fort Lauderdale,33301,894,United States of America,", Fort Lauderdale, , 33301, United States of America"
271,399000,26.121323,-80.127909,1,1,0.0,Fort Lauderdale,33301,803,United States of America,", Fort Lauderdale, , 33301, United States of America"
272,439000,26.121323,-80.127909,2,2,0.0,Fort Lauderdale,33301,1246,United States of America,", Fort Lauderdale, , 33301, United States of America"
273,2990000,26.121323,-80.127909,5,5,0.0,Fort Lauderdale,33301,2780,United States of America,", Fort Lauderdale, , 33301, United States of America"
274,339000,26.121323,-80.127909,1,1,0.0,Fort Lauderdale,33301,835,United States of America,", Fort Lauderdale, , 33301, United States of America"
275,2395000,26.121323,-80.127909,5,5,0.29,Fort Lauderdale,33301,3358,United States of America,", Fort Lauderdale, , 33301, United States of America"
276,2399000,26.121323,-80.127909,4,6,0.13,Fort Lauderdale,33301,4094,United States of America,", Fort Lauderdale, , 33301, United States of America"
277,1290000,26.121323,-80.127909,2,3,0.0,Fort Lauderdale,33301,1918,United States of America,", Fort Lauderdale, , 33301, United States of America"
278,949000,26.121323,-80.127909,2,2,0.0,Fort Lauderdale,33301,1397,United States of America,", Fort Lauderdale, , 33301, United States of America"
279,6500000,26.121323,-80.127909,5,7,0.29,Fort Lauderdale,33301,6539,United States of America,", Fort Lauderdale, , 33301, United States of America"
280,8200000,26.121323,-80.127909,5,6,0.55,Fort Lauderdale,33301,5844,United States of America,", Fort Lauderdale, , 33301, United States of America"
281,2695000,26.121323,-80.127909,3,2,0.14,Fort Lauderdale,33301,2225,United States of America,", Fort Lauderdale, , 33301, United States of America"
282,6999999,26.121323,-80.127909,5,7,0.23,Fort Lauderdale,33301,7660,United States of America,", Fort Lauderdale, , 33301, United States of America"
283,9495000,26.121323,-80.127909,6,7,0.25,Fort Lauderdale,33301,6647,United States of America,", Fort Lauderdale, , 33301, United States of America"
284,1590000,26.121323,-80.127909,3,4,0.0,Fort Lauderdale,33301,2100,United States of America,", Fort Lauderdale, , 33301, United States of America"
285,5995000,26.121323,-80.127909,5,5,0.28,Fort Lauderdale,33301,4614,United States of America,", Fort Lauderdale, , 33301, United States of America"
286,2795000,26.121323,-80.127909,3,3,0.24,Fort Lauderdale,33301,2541,United States of America,", Fort Lauderdale, , 33301, United States of America"
287,2300000,26.121323,-80.127909,4,4,0.14,Fort Lauderdale,33301,3586,United States of America,", Fort Lauderdale, , 33301, United States of America"
288,7995000,26.121323,-80.127909,6,7,0.31,Fort Lauderdale,33301,7126,United States of America,", Fort Lauderdale, , 33301, United States of America"
289,6000000,26.121323,-80.127909,5,7,0.28,Fort Lauderdale,33301,7450,United States of America,", Fort Lauderdale, , 33301, United States of America"
290,2595000,26.121323,-80.127909,3,4,0.0,Fort Lauderdale,33301,2658,United States of America,", Fort Lauderdale, , 33301, United States of America"
291,3600000,26.121323,-80.127909,3,2,0.29,Fort Lauderdale,33301,2524,United States of America,", Fort Lauderdale, , 33301, United States of America"
292,8900000,26.121323,-80.127909,2,3,0.33,Fort Lauderdale,33301,3479,United States of America,", Fort Lauderdale, , 33301, United States of America"
293,3800000,26.121323,-80.127909,5,6,0.29,Fort Lauderdale,33301,3942,United States of America,", Fort Lauderdale, , 33301, United States of America"
294,2200000,26.121323,-80.127909,4,3,0.24,Fort Lauderdale,33301,0,United States of America,", Fort Lauderdale, , 33301, United States of America"
295,7995000,26.121323,-80.127909,5,7,0.24,Fort Lauderdale,33301,5639,United States of America,", Fort Lauderdale, , 33301, United States of America"
296,4150000,26.121323,-80.127909,4,5,0.0,Fort Lauderdale,33301,4057,United States of America,", Fort Lauderdale, , 33301, United States of America"
297,2699000,26.121323,-80.127909,6,6,0.15,Fort Lauderdale,33301,3880,United States of America,", Fort Lauderdale, , 33301, United States of America"
298,4375000,26.121323,-80.127909,0,0,0.27,Fort Lauderdale,33301,0,United States of America,", Fort Lauderdale, , 33301, United States of America"
299,251900,25.651007,-80.486317,2,2,0.0,Miami,33196,1093,United States of America,", Miami, , 33196, United States of America"
300,265000,25.651007,-80.486317,3,2,0.0,Miami,33196,1093,United States of America,", Miami, , 33196, United States of America"
301,329500,25.651007,-80.486317,3,4,0.0,Miami,33196,1364,United States of America,", Miami, , 33196, United States of America"
302,315000,25.651007,-80.486317,3,2,0.0,Miami,33196,993,United States of America,", Miami, , 33196, United States of America"
303,515000,25.651007,-80.486317,4,2,0.13,Miami,33196,1744,United States of America,", Miami, , 33196, United States of America"
304,675000,25.651007,-80.486317,4,3,0.12,Miami,33196,2596,United States of America,", Miami, , 33196, United States of America"
305,549999,25.651007,-80.486317,3,2,0.1,Miami,33196,1531,United States of America,", Miami, , 33196, United States of America"
306,550000,25.651007,-80.486317,3,3,0.11,Miami,33196,1822,United States of America,", Miami, , 33196, United States of America"
307,659000,25.651007,-80.486317,4,3,0.14,Miami,33196,1962,United States of America,", Miami, , 33196, United States of America"
308,400000,26.08849,-80.181724,4,2,0.22,Fort Lauderdale,33312,1660,United States of America,", Fort Lauderdale, , 33312, United States of America"
309,450000,26.08849,-80.181724,3,2,0.17,Fort Lauderdale,33312,1807,United States of America,", Fort Lauderdale, , 33312, United States of America"
310,325000,26.08849,-80.181724,3,1,0.07,Fort Lauderdale,33312,918,United States of America,", Fort Lauderdale, , 33312, United States of America"
311,400000,26.08849,-80.181724,3,2,0.22,Fort Lauderdale,33312,1332,United States of America,", Fort Lauderdale, , 33312, United States of America"
312,899000,26.08849,-80.181724,3,2,0.41,Fort Lauderdale,33312,2092,United States of America,", Fort Lauderdale, , 33312, United States of America"
313,410000,26.08849,-80.181724,3,2,0.25,Fort Lauderdale,33312,1622,United States of America,", Fort Lauderdale, , 33312, United States of America"
314,399900,26.08849,-80.181724,3,2,0.17,Fort Lauderdale,33312,1320,United States of America,", Fort Lauderdale, , 33312, United States of America"
315,425000,26.08849,-80.181724,2,1,0.0,Fort Lauderdale,33312,0,United States of America,", Fort Lauderdale, , 33312, United States of America"
316,429900,26.08849,-80.181724,3,2,0.16,Fort Lauderdale,33312,1431,United States of America,", Fort Lauderdale, , 33312, United States of America"
317,499000,26.08849,-80.181724,4,2,0.16,Fort Lauderdale,33312,1754,United States of America,", Fort Lauderdale, , 33312, United States of America"
318,375000,26.08849,-80.181724,3,2,0.17,Fort Lauderdale,33312,1176,United States of America,", Fort Lauderdale, , 33312, United States of America"
319,499999,26.08849,-80.181724,3,2,0.19,Fort Lauderdale,33312,1445,United States of America,", Fort Lauderdale, , 33312, United States of America"
320,898500,26.08849,-80.181724,3,2,0.15,Fort Lauderdale,33312,1429,United States of America,", Fort Lauderdale, , 33312, United States of America"
321,1150000,26.08849,-80.181724,3,3,0.0,Fort Lauderdale,33312,1820,United States of America,", Fort Lauderdale, , 33312, United States of America"
322,489000,26.08849,-80.181724,4,2,0.0,Fort Lauderdale,33312,1488,United States of America,", Fort Lauderdale, , 33312, United States of America"
323,5500000,26.08849,-80.181724,6,7,0.96,Fort Lauderdale,33312,7707,United States of America,", Fort Lauderdale, , 33312, United States of America"
324,1150000,26.08849,-80.181724,4,3,0.24,Fort Lauderdale,33312,2837,United States of America,", Fort Lauderdale, , 33312, United States of America"
325,589000,26.08849,-80.181724,2,2,0.0,Fort Lauderdale,33312,1224,United States of America,", Fort Lauderdale, , 33312, United States of America"
326,459000,26.08849,-80.181724,3,2,0.2,Fort Lauderdale,33312,1384,United States of America,", Fort Lauderdale, , 33312, United States of America"
327,850000,26.08849,-80.181724,3,2,0.16,Fort Lauderdale,33312,1489,United States of America,", Fort Lauderdale, , 33312, United States of America"
328,439900,26.08849,-80.181724,3,2,0.18,Fort Lauderdale,33312,0,United States of America,", Fort Lauderdale, , 33312, United States of America"
329,1050000,26.08849,-80.181724,2,2,0.15,Fort Lauderdale,33312,1265,United States of America,", Fort Lauderdale, , 33312, United States of America"
330,425000,26.08849,-80.181724,2,2,0.16,Fort Lauderdale,33312,1102,United States of America,", Fort Lauderdale, , 33312, United States of America"
331,769000,26.08849,-80.181724,3,2,0.16,Fort Lauderdale,33312,1450,United States of America,", Fort Lauderdale, , 33312, United States of America"
332,1100000,26.08849,-80.181724,5,3,0.25,Fort Lauderdale,33312,3140,United States of America,", Fort Lauderdale, , 33312, United States of America"
333,1399000,26.08849,-80.181724,3,2,0.24,Fort Lauderdale,33312,1572,United States of America,", Fort Lauderdale, , 33312, United States of America"
334,525000,26.08849,-80.181724,3,1,0.2,Fort Lauderdale,33312,1560,United States of America,", Fort Lauderdale, , 33312, United States of America"
335,1050000,26.08849,-80.181724,3,2,0.16,Fort Lauderdale,33312,1572,United States of America,", Fort Lauderdale, , 33312, United States of America"
336,2200000,26.08849,-80.181724,3,2,0.48,Fort Lauderdale,33312,0,United States of America,", Fort Lauderdale, , 33312, United States of America"
337,1200000,26.08849,-80.181724,3,3,0.16,Fort Lauderdale,33312,1812,United States of America,", Fort Lauderdale, , 33312, United States of America"
338,160000,26.144303,-80.183868,3,2,0.17,Lauderhill,33311,1440,United States of America,", Lauderhill, , 33311, United States of America"
339,88000,26.14565,-80.155908,1,1,0.0,Lauderdale Lakes,33311,800,United States of America,", Lauderdale Lakes, , 33311, United States of America"
340,275000,26.128697,-80.192547,3,6,0.19,Fort Lauderdale,33311,1127,United States of America,", Fort Lauderdale, , 33311, United States of America"
341,260000,26.144303,-80.183868,2,3,0.0,Lauderhill,33311,1294,United States of America,", Lauderhill, , 33311, United States of America"
342,319000,26.144303,-80.183868,3,3,0.03,Lauderhill,33311,2050,United States of America,", Lauderhill, , 33311, United States of America"
343,90000,26.14565,-80.155908,1,2,0.0,Lauderdale Lakes,33311,835,United States of America,", Lauderdale Lakes, , 33311, United States of America"
344,375000,26.16581,-80.166321,4,2,0.32,Oakland Park,33311,3033,United States of America,", Oakland Park, , 33311, United States of America"
345,105500,26.14565,-80.155908,2,2,0.0,Lauderdale Lakes,33311,1010,United States of America,", Lauderdale Lakes, , 33311, United States of America"
346,307900,26.144303,-80.183868,3,3,0.03,Lauderhill,33311,2050,United States of America,", Lauderhill, , 33311, United States of America"
347,120000,26.14565,-80.155908,2,2,0.0,Lauderdale Lakes,33311,1010,United States of America,", Lauderdale Lakes, , 33311, United States of America"
348,124900,26.16581,-80.166321,1,1,0.0,Oakland Park,33311,685,United States of America,", Oakland Park, , 33311, United States of America"
349,300000,26.14565,-80.155908,3,3,0.0,Lauderdale Lakes,33311,1514,United States of America,", Lauderdale Lakes, , 33311, United States of America"
350,279900,26.128697,-80.192547,3,2,0.14,Fort Lauderdale,33311,988,United States of America,", Fort Lauderdale, , 33311, United States of America"
351,260000,26.144303,-80.183868,2,3,0.0,Lauderhill,33311,1294,United States of America,", Lauderhill, , 33311, United States of America"
352,385000,26.128697,-80.192547,3,2,0.11,Fort Lauderdale,33311,1248,United States of America,", Fort Lauderdale, , 33311, United States of America"
353,149000,26.14565,-80.155908,2,2,0.0,Lauderdale Lakes,33311,1100,United States of America,", Lauderdale Lakes, , 33311, United States of America"
354,69900,26.14565,-80.155908,1,1,0.0,Lauderdale Lakes,33311,748,United States of America,", Lauderdale Lakes, , 33311, United States of America"
355,950000,26.16581,-80.166321,5,4,0.34,Oakland Park,33311,3913,United States of America,", Oakland Park, , 33311, United States of America"
356,349000,26.128697,-80.192547,4,2,0.14,Fort Lauderdale,33311,1283,United States of America,", Fort Lauderdale, , 33311, United States of America"
357,275000,26.128697,-80.192547,3,2,0.13,Fort Lauderdale,33311,1734,United States of America,", Fort Lauderdale, , 33311, United States of America"
358,419900,26.128697,-80.192547,2,2,0.14,Fort Lauderdale,33311,1240,United States of America,", Fort Lauderdale, , 33311, United States of America"
359,399000,26.16581,-80.166321,4,2,0.24,Oakland Park,33311,1707,United States of America,", Oakland Park, , 33311, United States of America"
360,345000,26.16581,-80.166321,3,2,0.14,Oakland Park,33311,1809,United States of America,", Oakland Park, , 33311, United States of America"
361,225000,26.128697,-80.192547,2,2,0.0,Fort Lauderdale,33311,1000,United States of America,", Fort Lauderdale, , 33311, United States of America"
362,199900,26.128697,-80.192547,2,1,0.0,Fort Lauderdale,33311,682,United States of America,", Fort Lauderdale, , 33311, United States of America"
363,320000,26.128697,-80.192547,2,3,0.0,Fort Lauderdale,33311,888,United States of America,", Fort Lauderdale, , 33311, United States of America"
364,250000,26.128697,-80.192547,2,1,0.12,Fort Lauderdale,33311,921,United States of America,", Fort Lauderdale, , 33311, United States of America"
365,499999,26.128697,-80.192547,5,3,0.0,Fort Lauderdale,33311,2304,United States of America,", Fort Lauderdale, , 33311, United States of America"
366,330000,26.128697,-80.192547,3,2,0.14,Fort Lauderdale,33311,1092,United States of America,", Fort Lauderdale, , 33311, United States of America"
367,335000,26.144303,-80.183868,3,2,0.16,Lauderhill,33311,1366,United States of America,", Lauderhill, , 33311, United States of America"
368,450000,26.128697,-80.192547,3,2,0.23,Fort Lauderdale,33311,1810,United States of America,", Fort Lauderdale, , 33311, United States of America"
369,399990,26.128697,-80.192547,3,2,0.15,Fort Lauderdale,33311,1290,United States of America,", Fort Lauderdale, , 33311, United States of America"
370,249000,26.128697,-80.192547,2,2,0.0,Fort Lauderdale,33311,975,United States of America,", Fort Lauderdale, , 33311, United States of America"
371,329999,26.128697,-80.192547,3,3,0.0,Fort Lauderdale,33311,1496,United States of America,", Fort Lauderdale, , 33311, United States of America"
372,410000,26.128697,-80.192547,4,2,0.0,Fort Lauderdale,33311,1474,United States of America,", Fort Lauderdale, , 33311, United States of America"
373,325000,26.128697,-80.192547,3,1,0.13,Fort Lauderdale,33311,1066,United States of America,", Fort Lauderdale, , 33311, United States of America"
374,265000,26.128697,-80.192547,4,2,0.14,Fort Lauderdale,33311,1170,United States of America,", Fort Lauderdale, , 33311, United States of America"
375,369000,26.128697,-80.192547,2,2,0.0,Fort Lauderdale,33311,1560,United States of America,", Fort Lauderdale, , 33311, United States of America"
376,335000,26.144303,-80.183868,3,2,0.15,Lauderhill,33311,1443,United States of America,", Lauderhill, , 33311, United States of America"
377,348900,26.128697,-80.192547,3,2,0.16,Fort Lauderdale,33311,984,United States of America,", Fort Lauderdale, , 33311, United States of America"
378,600000,26.128697,-80.192547,7,5,0.0,Fort Lauderdale,33311,2740,United States of America,", Fort Lauderdale, , 33311, United States of America"
379,450000,26.128697,-80.192547,4,4,0.0,Fort Lauderdale,33311,1461,United States of America,", Fort Lauderdale, , 33311, United States of America"
380,1950000,26.16581,-80.166321,3,2,6.03,Oakland Park,33311,1521,United States of America,", Oakland Park, , 33311, United States of America"
381,396000,26.128697,-80.192547,3,2,0.13,Fort Lauderdale,33311,1512,United States of America,", Fort Lauderdale, , 33311, United States of America"
382,1750000,26.128697,-80.192547,2,1,0.0,Fort Lauderdale,33311,6892,United States of America,", Fort Lauderdale, , 33311, United States of America"
383,459000,26.128697,-80.192547,4,3,0.15,Fort Lauderdale,33311,1934,United States of America,", Fort Lauderdale, , 33311, United States of America"
384,176800,26.128697,-80.192547,3,2,0.03,Fort Lauderdale,33311,1134,United States of America,", Fort Lauderdale, , 33311, United States of America"
385,275000,26.16581,-80.166321,2,1,0.24,Oakland Park,33311,1047,United States of America,", Oakland Park, , 33311, United States of America"
386,549000,26.128697,-80.192547,5,3,0.35,Fort Lauderdale,33311,2534,United States of America,", Fort Lauderdale, , 33311, United States of America"
387,109000,26.14565,-80.155908,2,2,0.0,Lauderdale Lakes,33311,865,United States of America,", Lauderdale Lakes, , 33311, United States of America"
388,159000,26.128697,-80.192547,3,1,0.17,Fort Lauderdale,33311,1085,United States of America,", Fort Lauderdale, , 33311, United States of America"
389,260000,26.14565,-80.155908,2,3,0.0,Lauderdale Lakes,33311,1558,United States of America,", Lauderdale Lakes, , 33311, United States of America"
390,240000,26.128697,-80.192547,3,2,0.15,Fort Lauderdale,33311,1073,United States of America,", Fort Lauderdale, , 33311, United States of America"
391,360000,26.14565,-80.155908,3,2,0.15,Lauderdale Lakes,33311,1842,United States of America,", Lauderdale Lakes, , 33311, United States of America"
392,335000,26.128697,-80.192547,4,2,0.16,Fort Lauderdale,33311,2220,United States of America,", Fort Lauderdale, , 33311, United States of America"
393,334200,26.128697,-80.192547,3,2,0.13,Fort Lauderdale,33311,1706,United States of America,", Fort Lauderdale, , 33311, United States of America"
394,180000,26.159521,-80.131981,2,1,0.0,Wilton Manors,33311,925,United States of America,", Wilton Manors, , 33311, United States of America"
395,158000,26.16581,-80.166321,2,2,0.0,Oakland Park,33311,1000,United States of America,", Oakland Park, , 33311, United States of America"
396,319900,26.16581,-80.166321,3,3,0.0,Oakland Park,33311,1504,United States of America,", Oakland Park, , 33311, United States of America"
397,295000,26.144303,-80.183868,3,2,0.0,Lauderhill,33311,2050,United States of America,", Lauderhill, , 33311, United States of America"
398,74900,26.14565,-80.155908,1,1,0.0,Lauderdale Lakes,33311,748,United States of America,", Lauderdale Lakes, , 33311, United States of America"
399,255900,26.128697,-80.192547,2,2,0.11,Fort Lauderdale,33311,1232,United States of America,", Fort Lauderdale, , 33311, United States of America"
400,225000,26.128697,-80.192547,2,1,0.14,Fort Lauderdale,33311,904,United States of America,", Fort Lauderdale, , 33311, United States of America"
401,385000,26.14565,-80.155908,3,2,0.16,Lauderdale Lakes,33311,1469,United States of America,", Lauderdale Lakes, , 33311, United States of America"
402,379900,26.128697,-80.192547,3,2,0.18,Fort Lauderdale,33311,1292,United States of America,", Fort Lauderdale, , 33311, United States of America"
403,749000,26.159521,-80.131981,3,2,0.2,Wilton Manors,33311,2010,United States of America,", Wilton Manors, , 33311, United States of America"
404,320000,26.128697,-80.192547,3,2,0.0,Fort Lauderdale,33311,1160,United States of America,", Fort Lauderdale, , 33311, United States of America"
405,65000,26.14565,-80.155908,1,1,0.0,Lauderdale Lakes,33311,748,United States of America,", Lauderdale Lakes, , 33311, United States of America"
406,350000,26.144303,-80.183868,3,2,0.23,Lauderhill,33311,1314,United States of America,", Lauderhill, , 33311, United States of America"
407,389900,26.128697,-80.192547,3,2,0.15,Fort Lauderdale,33311,1772,United States of America,", Fort Lauderdale, , 33311, United States of America"
408,459300,26.128697,-80.192547,4,2,0.15,Fort Lauderdale,33311,0,United States of America,", Fort Lauderdale, , 33311, United States of America"
409,300000,26.16581,-80.166321,2,1,0.22,Oakland Park,33311,1343,United States of America,", Oakland Park, , 33311, United States of America"
410,625000,26.159521,-80.131981,2,2,0.17,Wilton Manors,33311,1320,United States of America,", Wilton Manors, , 33311, United States of America"
411,250000,26.128697,-80.192547,2,1,0.15,Fort Lauderdale,33311,978,United States of America,", Fort Lauderdale, , 33311, United States of America"
412,300000,26.144303,-80.183868,3,2,0.18,Lauderhill,33311,912,United States of America,", Lauderhill, , 33311, United States of America"
413,579900,26.128697,-80.192547,5,5,0.0,Fort Lauderdale,33311,2201,United States of America,", Fort Lauderdale, , 33311, United States of America"
414,135000,26.14565,-80.155908,2,2,0.0,Lauderdale Lakes,33311,1100,United States of America,", Lauderdale Lakes, , 33311, United States of America"
415,750511,26.128697,-80.192547,7,5,0.0,Fort Lauderdale,33311,3560,United States of America,", Fort Lauderdale, , 33311, United States of America"
416,109000,26.14565,-80.155908,1,1,0.0,Lauderdale Lakes,33311,748,United States of America,", Lauderdale Lakes, , 33311, United States of America"
417,470000,26.128697,-80.192547,4,4,0.22,Fort Lauderdale,33311,2086,United States of America,", Fort Lauderdale, , 33311, United States of America"
418,195000,26.144303,-80.183868,2,1,0.15,Lauderhill,33311,836,United States of America,", Lauderhill, , 33311, United States of America"
419,85000,26.14565,-80.155908,2,2,0.0,Lauderdale Lakes,33311,1010,United States of America,", Lauderdale Lakes, , 33311, United States of America"
420,260000,26.128697,-80.192547,2,1,0.13,Fort Lauderdale,33311,750,United States of America,", Fort Lauderdale, , 33311, United States of America"
421,250567,26.128697,-80.192547,3,2,0.22,Fort Lauderdale,33311,1500,United States of America,", Fort Lauderdale, , 33311, United States of America"
422,199999,26.159521,-80.131981,2,1,0.0,Wilton Manors,33311,925,United States of America,", Wilton Manors, , 33311, United States of America"
423,369900,26.144303,-80.183868,3,2,0.14,Lauderhill,33311,1990,United States of America,", Lauderhill, , 33311, United States of America"
424,354999,26.128697,-80.192547,4,1,0.18,Fort Lauderdale,33311,1656,United States of America,", Fort Lauderdale, , 33311, United States of America"
425,185000,26.16581,-80.166321,2,2,0.0,Oakland Park,33311,1000,United States of America,", Oakland Park, , 33311, United States of America"
426,800000,26.159521,-80.131981,3,2,0.23,Wilton Manors,33311,2312,United States of America,", Wilton Manors, , 33311, United States of America"
427,339900,26.128697,-80.192547,4,2,0.15,Fort Lauderdale,33311,1212,United States of America,", Fort Lauderdale, , 33311, United States of America"
428,279000,26.128697,-80.192547,3,2,0.22,Fort Lauderdale,33311,1127,United States of America,", Fort Lauderdale, , 33311, United States of America"
429,325000,26.128697,-80.192547,2,2,0.0,Fort Lauderdale,33311,888,United States of America,", Fort Lauderdale, , 33311, United States of America"
430,290000,26.128697,-80.192547,3,2,0.14,Fort Lauderdale,33311,1285,United States of America,", Fort Lauderdale, , 33311, United States of America"
431,320000,26.128697,-80.192547,3,2,0.19,Fort Lauderdale,33311,1055,United States of America,", Fort Lauderdale, , 33311, United States of America"
432,390000,26.128697,-80.192547,4,2,0.24,Fort Lauderdale,33311,1900,United States of America,", Fort Lauderdale, , 33311, United States of America"
433,380000,26.14565,-80.155908,3,2,0.15,Lauderdale Lakes,33311,1931,United States of America,", Lauderdale Lakes, , 33311, United States of America"
434,330000,26.128697,-80.192547,3,2,0.15,Fort Lauderdale,33311,1162,United States of America,", Fort Lauderdale, , 33311, United States of America"
435,370000,26.128697,-80.192547,4,2,0.14,Fort Lauderdale,33311,1410,United States of America,", Fort Lauderdale, , 33311, United States of America"
436,240000,26.128697,-80.192547,2,2,0.0,Fort Lauderdale,33311,975,United States of America,", Fort Lauderdale, , 33311, United States of America"
437,340000,26.128697,-80.192547,3,2,0.22,Fort Lauderdale,33311,1318,United States of America,", Fort Lauderdale, , 33311, United States of America"
438,270000,26.128697,-80.192547,2,1,0.11,Fort Lauderdale,33311,625,United States of America,", Fort Lauderdale, , 33311, United States of America"
439,299000,26.128697,-80.192547,3,2,0.23,Fort Lauderdale,33311,1183,United States of America,", Fort Lauderdale, , 33311, United States of America"
440,390000,26.128697,-80.192547,3,2,0.16,Fort Lauderdale,33311,1169,United States of America,", Fort Lauderdale, , 33311, United States of America"
441,335000,26.144303,-80.183868,3,2,0.17,Lauderhill,33311,1398,United States of America,", Lauderhill, , 33311, United States of America"
442,1000000,26.128697,-80.192547,12,10,0.0,Fort Lauderdale,33311,2833,United States of America,", Fort Lauderdale, , 33311, United States of America"
443,360000,26.128697,-80.192547,3,2,0.18,Fort Lauderdale,33311,1125,United States of America,", Fort Lauderdale, , 33311, United States of America"
444,165000,26.159521,-80.131981,1,1,0.0,Wilton Manors,33311,685,United States of America,", Wilton Manors, , 33311, United States of America"
445,339900,26.128697,-80.192547,3,2,0.16,Fort Lauderdale,33311,1014,United States of America,", Fort Lauderdale, , 33311, United States of America"
446,425000,26.128697,-80.192547,2,1,0.15,Fort Lauderdale,33311,1074,United States of America,", Fort Lauderdale, , 33311, United States of America"
447,365000,26.144303,-80.183868,3,2,0.14,Lauderhill,33311,1237,United States of America,", Lauderhill, , 33311, United States of America"
448,380000,26.128697,-80.192547,2,1,0.14,Fort Lauderdale,33311,1033,United States of America,", Fort Lauderdale, , 33311, United States of America"
449,275000,26.128697,-80.192547,2,2,0.0,Fort Lauderdale,33311,975,United States of America,", Fort Lauderdale, , 33311, United States of America"
450,329900,26.128697,-80.192547,3,1,0.19,Fort Lauderdale,33311,936,United States of America,", Fort Lauderdale, , 33311, United States of America"
451,339900,26.128697,-80.192547,3,2,0.0,Fort Lauderdale,33311,1108,United States of America,", Fort Lauderdale, , 33311, United States of America"
452,999900,26.159521,-80.131981,3,2,0.29,Wilton Manors,33311,1509,United States of America,", Wilton Manors, , 33311, United States of America"
453,269000,26.128697,-80.192547,2,2,0.0,Fort Lauderdale,33311,975,United States of America,", Fort Lauderdale, , 33311, United States of America"
454,369900,26.128697,-80.192547,3,2,0.17,Fort Lauderdale,33311,1102,United States of America,", Fort Lauderdale, , 33311, United States of America"
455,210000,26.167469,-80.183546,2,2,0.0,Oakland Park,33309,1120,United States of America,", Oakland Park, , 33309, United States of America"
456,200000,26.186109,-80.179318,2,2,0.0,Fort Lauderdale,33309,1032,United States of America,", Fort Lauderdale, , 33309, United States of America"
457,248000,26.167469,-80.183546,2,2,0.0,Oakland Park,33309,1256,United States of America,", Oakland Park, , 33309, United States of America"
458,189900,26.167469,-80.183546,2,1,0.0,Oakland Park,33309,950,United States of America,", Oakland Park, , 33309, United States of America"
459,415000,26.117076,-80.153294,3,2,0.18,Lauderdale Lakes,33309,2110,United States of America,", Lauderdale Lakes, , 33309, United States of America"
460,165000,26.167469,-80.183546,2,2,0.0,Oakland Park,33309,920,United States of America,", Oakland Park, , 33309, United States of America"
461,135000,26.167469,-80.183546,2,2,0.0,Oakland Park,33309,920,United States of America,", Oakland Park, , 33309, United States of America"
462,199900,26.167469,-80.183546,2,2,0.0,Oakland Park,33309,1020,United States of America,", Oakland Park, , 33309, United States of America"
463,149999,26.167469,-80.183546,1,1,0.0,Oakland Park,33309,750,United States of America,", Oakland Park, , 33309, United States of America"
464,340000,26.117076,-80.153294,3,2,0.16,Lauderdale Lakes,33309,1886,United States of America,", Lauderdale Lakes, , 33309, United States of America"
465,200000,26.186109,-80.179318,2,2,0.0,Fort Lauderdale,33309,927,United States of America,", Fort Lauderdale, , 33309, United States of America"
466,350000,26.117076,-80.153294,3,2,0.16,Lauderdale Lakes,33309,1739,United States of America,", Lauderdale Lakes, , 33309, United States of America"
467,138000,26.167469,-80.183546,1,2,0.0,Oakland Park,33309,990,United States of America,", Oakland Park, , 33309, United States of America"
468,259900,26.167469,-80.183546,2,3,0.0,Oakland Park,33309,1130,United States of America,", Oakland Park, , 33309, United States of America"
469,245000,26.167469,-80.183546,2,2,0.0,Oakland Park,33309,1241,United States of America,", Oakland Park, , 33309, United States of America"
470,160000,26.167469,-80.183546,2,2,0.0,Oakland Park,33309,880,United States of America,", Oakland Park, , 33309, United States of America"
471,200000,26.167469,-80.183546,2,2,0.0,Oakland Park,33309,1160,United States of America,", Oakland Park, , 33309, United States of America"
472,189999,26.167469,-80.183546,2,2,0.0,Oakland Park,33309,975,United States of America,", Oakland Park, , 33309, United States of America"
473,590000,26.167469,-80.183546,3,2,0.16,Oakland Park,33309,1356,United States of America,", Oakland Park, , 33309, United States of America"
474,302495,26.167469,-80.183546,2,3,0.0,Oakland Park,33309,1253,United States of America,", Oakland Park, , 33309, United States of America"
475,450000,26.167469,-80.183546,3,2,0.2,Oakland Park,33309,1512,United States of America,", Oakland Park, , 33309, United States of America"
476,550000,26.186109,-80.179318,3,2,0.2,Fort Lauderdale,33309,0,United States of America,", Fort Lauderdale, , 33309, United States of America"
477,289000,26.186109,-80.179318,3,2,0.0,Fort Lauderdale,33309,1170,United States of America,", Fort Lauderdale, , 33309, United States of America"
478,579000,26.167469,-80.183546,4,2,0.28,Oakland Park,33309,1788,United States of America,", Oakland Park, , 33309, United States of America"
479,149500,26.167469,-80.183546,1,1,0.0,Oakland Park,33309,750,United States of America,", Oakland Park, , 33309, United States of America"
480,225000,26.167469,-80.183546,2,2,0.0,Oakland Park,33309,990,United States of America,", Oakland Park, , 33309, United States of America"
481,275000,26.186109,-80.179318,3,2,0.0,Fort Lauderdale,33309,1150,United States of America,", Fort Lauderdale, , 33309, United States of America"
482,479000,26.167469,-80.183546,3,3,0.2,Oakland Park,33309,1735,United States of America,", Oakland Park, , 33309, United States of America"
483,205000,26.167469,-80.183546,2,2,0.0,Oakland Park,33309,988,United States of America,", Oakland Park, , 33309, United States of America"
484,325000,26.186109,-80.179318,3,3,0.0,Fort Lauderdale,33309,1508,United States of America,", Fort Lauderdale, , 33309, United States of America"
485,450000,26.186109,-80.179318,3,2,0.26,Fort Lauderdale,33309,1786,United States of America,", Fort Lauderdale, , 33309, United States of America"
486,325000,26.185954,-80.172424,2,2,0.1,Tamarac,33309,1290,United States of America,", Tamarac, , 33309, United States of America"
487,349999,26.167469,-80.183546,3,2,0.12,Oakland Park,33309,1016,United States of America,", Oakland Park, , 33309, United States of America"
488,230000,26.167469,-80.183546,2,2,0.0,Oakland Park,33309,1075,United States of America,", Oakland Park, , 33309, United States of America"
489,285000,26.167469,-80.183546,2,2,0.0,Oakland Park,33309,1050,United States of America,", Oakland Park, , 33309, United States of America"
490,449999,26.186109,-80.179318,3,2,0.0,Fort Lauderdale,33309,1644,United States of America,", Fort Lauderdale, , 33309, United States of America"
491,330000,26.185954,-80.172424,2,2,0.1,Tamarac,33309,1293,United States of America,", Tamarac, , 33309, United States of America"
492,299900,26.186109,-80.179318,2,2,0.14,Fort Lauderdale,33309,916,United States of America,", Fort Lauderdale, , 33309, United States of America"
493,699000,26.167469,-80.183546,3,2,0.16,Oakland Park,33309,1956,United States of America,", Oakland Park, , 33309, United States of America"
494,155000,26.186109,-80.179318,1,1,0.0,Fort Lauderdale,33309,702,United States of America,", Fort Lauderdale, , 33309, United States of America"
495,325000,26.185954,-80.172424,2,2,0.1,Tamarac,33309,1330,United States of America,", Tamarac, , 33309, United States of America"
496,429000,26.167469,-80.183546,2,2,0.22,Oakland Park,33309,990,United States of America,", Oakland Park, , 33309, United States of America"
497,529000,26.167469,-80.183546,6,2,0.0,Oakland Park,33309,2380,United States of America,", Oakland Park, , 33309, United States of America"
498,315000,26.185954,-80.172424,2,1,0.11,Tamarac,33309,0,United States of America,", Tamarac, , 33309, United States of America"
499,565000,26.167469,-80.183546,3,2,0.18,Oakland Park,33309,1569,United States of America,", Oakland Park, , 33309, United States of America"
500,475000,26.167469,-80.183546,2,2,0.17,Oakland Park,33309,1367,United States of America,", Oakland Park, , 33309, United States of America"
501,204900,26.159521,-80.131981,1,1,0.0,Wilton Manors,33305,750,United States of America,", Wilton Manors, , 33305, United States of America"
502,374999,26.159521,-80.131981,2,2,0.09,Wilton Manors,33305,1191,United States of America,", Wilton Manors, , 33305, United States of America"
503,430000,26.149662,-80.122916,2,2,0.0,Fort Lauderdale,33305,1100,United States of America,", Fort Lauderdale, , 33305, United States of America"
504,699000,26.149662,-80.122916,2,2,0.17,Fort Lauderdale,33305,1350,United States of America,", Fort Lauderdale, , 33305, United States of America"
505,250328,26.149662,-80.122916,2,1,0.0,Fort Lauderdale,33305,725,United States of America,", Fort Lauderdale, , 33305, United States of America"
506,799000,26.149662,-80.122916,3,3,0.22,Fort Lauderdale,33305,2327,United States of America,", Fort Lauderdale, , 33305, United States of America"
507,155000,26.159521,-80.131981,1,1,0.0,Wilton Manors,33305,750,United States of America,", Wilton Manors, , 33305, United States of America"
508,269000,26.159521,-80.131981,1,2,0.0,Wilton Manors,33305,750,United States of America,", Wilton Manors, , 33305, United States of America"
509,459000,26.149662,-80.122916,2,2,0.0,Fort Lauderdale,33305,1425,United States of America,", Fort Lauderdale, , 33305, United States of America"
510,600328,26.149662,-80.122916,3,2,0.14,Fort Lauderdale,33305,1471,United States of America,", Fort Lauderdale, , 33305, United States of America"
511,649000,26.149662,-80.122916,3,2,0.15,Fort Lauderdale,33305,1485,United States of America,", Fort Lauderdale, , 33305, United States of America"
512,999501,26.149662,-80.122916,4,3,0.23,Fort Lauderdale,33305,2180,United States of America,", Fort Lauderdale, , 33305, United States of America"
513,415000,26.149662,-80.122916,2,2,0.0,Fort Lauderdale,33305,1425,United States of America,", Fort Lauderdale, , 33305, United States of America"
514,499999,26.159521,-80.131981,2,2,0.0,Wilton Manors,33305,1250,United States of America,", Wilton Manors, , 33305, United States of America"
515,850000,26.159521,-80.131981,2,1,0.14,Wilton Manors,33305,728,United States of America,", Wilton Manors, , 33305, United States of America"
516,989000,26.159521,-80.131981,4,3,0.16,Wilton Manors,33305,2224,United States of America,", Wilton Manors, , 33305, United States of America"
517,489000,26.149662,-80.122916,2,2,0.0,Fort Lauderdale,33305,1196,United States of America,", Fort Lauderdale, , 33305, United States of America"
518,6749000,26.149662,-80.122916,5,7,0.24,Fort Lauderdale,33305,7534,United States of America,", Fort Lauderdale, , 33305, United States of America"
519,1999990,26.149662,-80.122916,3,4,0.18,Fort Lauderdale,33305,4008,United States of America,", Fort Lauderdale, , 33305, United States of America"
520,1200000,26.149662,-80.122916,3,2,0.23,Fort Lauderdale,33305,1974,United States of America,", Fort Lauderdale, , 33305, United States of America"
521,1499950,26.159521,-80.131981,2,3,0.18,Wilton Manors,33305,2551,United States of America,", Wilton Manors, , 33305, United States of America"
522,245000,26.159521,-80.131981,1,1,0.0,Wilton Manors,33305,750,United States of America,", Wilton Manors, , 33305, United States of America"
523,999000,26.159521,-80.131981,3,2,0.16,Wilton Manors,33305,1468,United States of America,", Wilton Manors, , 33305, United States of America"
524,829000,26.149662,-80.122916,3,2,0.17,Fort Lauderdale,33305,1463,United States of America,", Fort Lauderdale, , 33305, United States of America"
525,750000,26.149662,-80.122916,2,2,0.0,Fort Lauderdale,33305,1404,United States of America,", Fort Lauderdale, , 33305, United States of America"
526,2150000,26.149662,-80.122916,3,3,0.0,Fort Lauderdale,33305,2341,United States of America,", Fort Lauderdale, , 33305, United States of America"
527,3589000,26.149662,-80.122916,5,6,0.23,Fort Lauderdale,33305,4425,United States of America,", Fort Lauderdale, , 33305, United States of America"
528,2500000,26.149662,-80.122916,4,4,0.22,Fort Lauderdale,33305,3223,United States of America,", Fort Lauderdale, , 33305, United States of America"
529,7300000,26.149662,-80.122916,8,9,0.21,Fort Lauderdale,33305,6893,United States of America,", Fort Lauderdale, , 33305, United States of America"
530,1400000,26.159521,-80.131981,3,3,0.29,Wilton Manors,33305,2240,United States of America,", Wilton Manors, , 33305, United States of America"
531,2450000,26.149662,-80.122916,3,3,0.21,Fort Lauderdale,33305,2208,United States of America,", Fort Lauderdale, , 33305, United States of America"
532,2499000,26.149662,-80.122916,4,3,0.23,Fort Lauderdale,33305,3350,United States of America,", Fort Lauderdale, , 33305, United States of America"
533,1985000,26.149662,-80.122916,3,3,0.0,Fort Lauderdale,33305,2623,United States of America,", Fort Lauderdale, , 33305, United States of America"
534,900000,26.149662,-80.122916,4,4,0.0,Fort Lauderdale,33305,2318,United States of America,", Fort Lauderdale, , 33305, United States of America"
535,2495000,26.149662,-80.122916,4,5,0.1,Fort Lauderdale,33305,0,United States of America,", Fort Lauderdale, , 33305, United States of America"
536,9500000,26.149662,-80.122916,3,4,0.41,Fort Lauderdale,33305,5298,United States of America,", Fort Lauderdale, , 33305, United States of America"
537,1999000,26.149662,-80.122916,3,3,0.21,Fort Lauderdale,33305,1908,United States of America,", Fort Lauderdale, , 33305, United States of America"
538,1675000,26.149662,-80.122916,3,2,0.2,Fort Lauderdale,33305,2111,United States of America,", Fort Lauderdale, , 33305, United States of America"
539,2510092,26.149662,-80.122916,3,4,0.25,Fort Lauderdale,33305,2014,United States of America,", Fort Lauderdale, , 33305, United States of America"
540,2500000,26.159521,-80.131981,3,3,0.29,Wilton Manors,33305,1994,United States of America,", Wilton Manors, , 33305, United States of America"
541,585000,26.188511,-80.104988,2,2,0.17,Fort Lauderdale,33308,1977,United States of America,", Fort Lauderdale, , 33308, United States of America"
542,199999,26.148813,-80.263185,1,1,1.65,Lauderdale By The Sea,33308,660,United States of America,", Lauderdale By The Sea, , 33308, United States of America"
543,190000,26.188511,-80.104988,1,1,0.0,Fort Lauderdale,33308,800,United States of America,", Fort Lauderdale, , 33308, United States of America"
544,285000,26.188511,-80.104988,2,2,0.0,Fort Lauderdale,33308,1145,United States of America,", Fort Lauderdale, , 33308, United States of America"
545,280000,26.188511,-80.104988,2,2,0.0,Fort Lauderdale,33308,1350,United States of America,", Fort Lauderdale, , 33308, United States of America"
546,219900,26.188511,-80.104988,2,2,0.0,Fort Lauderdale,33308,1100,United States of America,", Fort Lauderdale, , 33308, United States of America"
547,559999,26.188511,-80.104988,2,2,0.0,Fort Lauderdale,33308,1635,United States of America,", Fort Lauderdale, , 33308, United States of America"
548,385000,26.188511,-80.104988,1,2,0.0,Fort Lauderdale,33308,1153,United States of America,", Fort Lauderdale, , 33308, United States of America"
549,325000,26.188511,-80.104988,2,2,0.0,Fort Lauderdale,33308,0,United States of America,", Fort Lauderdale, , 33308, United States of America"
550,403300,26.188511,-80.104988,1,2,0.0,Fort Lauderdale,33308,1209,United States of America,", Fort Lauderdale, , 33308, United States of America"
551,329000,26.188511,-80.104988,2,2,0.0,Fort Lauderdale,33308,1120,United States of America,", Fort Lauderdale, , 33308, United States of America"
552,419000,26.188511,-80.104988,1,2,0.0,Fort Lauderdale,33308,1150,United States of America,", Fort Lauderdale, , 33308, United States of America"
553,249000,26.188511,-80.104988,1,1,0.0,Fort Lauderdale,33308,665,United States of America,", Fort Lauderdale, , 33308, United States of America"
554,210000,26.188511,-80.104988,1,1,0.0,Fort Lauderdale,33308,800,United States of America,", Fort Lauderdale, , 33308, United States of America"
555,530000,26.188511,-80.104988,2,2,0.0,Fort Lauderdale,33308,1356,United States of America,", Fort Lauderdale, , 33308, United States of America"
556,646500,26.188511,-80.104988,2,2,0.0,Fort Lauderdale,33308,1632,United States of America,", Fort Lauderdale, , 33308, United States of America"
557,475000,26.188511,-80.104988,2,2,0.0,Fort Lauderdale,33308,1200,United States of America,", Fort Lauderdale, , 33308, United States of America"
558,1050000,26.188511,-80.104988,3,3,0.18,Fort Lauderdale,33308,1741,United States of America,", Fort Lauderdale, , 33308, United States of America"
559,19995000,26.188511,-80.104988,6,8,0.49,Fort Lauderdale,33308,9112,United States of America,", Fort Lauderdale, , 33308, United States of America"
560,419900,26.188511,-80.104988,2,2,0.0,Fort Lauderdale,33308,1100,United States of America,", Fort Lauderdale, , 33308, United States of America"
561,429000,26.188511,-80.104988,2,2,0.0,Fort Lauderdale,33308,1031,United States of America,", Fort Lauderdale, , 33308, United States of America"
562,7800000,26.188511,-80.104988,4,4,0.21,Fort Lauderdale,33308,2750,United States of America,", Fort Lauderdale, , 33308, United States of America"
563,1375000,26.188511,-80.104988,2,3,0.0,Fort Lauderdale,33308,0,United States of America,", Fort Lauderdale, , 33308, United States of America"
564,2399900,26.188511,-80.104988,5,5,0.14,Fort Lauderdale,33308,2172,United States of America,", Fort Lauderdale, , 33308, United States of America"
565,3850000,26.188511,-80.104988,5,6,0.17,Fort Lauderdale,33308,5736,United States of America,", Fort Lauderdale, , 33308, United States of America"
566,2699999,26.188511,-80.104988,3,4,0.0,Fort Lauderdale,33308,2850,United States of America,", Fort Lauderdale, , 33308, United States of America"
567,7498000,26.188511,-80.104988,5,6,0.42,Fort Lauderdale,33308,6148,United States of America,", Fort Lauderdale, , 33308, United States of America"
568,1850000,26.188511,-80.104988,3,3,0.22,Fort Lauderdale,33308,2901,United States of America,", Fort Lauderdale, , 33308, United States of America"
569,1190000,26.188511,-80.104988,2,2,0.0,Fort Lauderdale,33308,1537,United States of America,", Fort Lauderdale, , 33308, United States of America"
570,1850000,26.148813,-80.263185,3,3,0.0,Lauderdale By The Sea,33308,0,United States of America,", Lauderdale By The Sea, , 33308, United States of America"
571,9250000,26.188511,-80.104988,8,10,0.44,Fort Lauderdale,33308,10486,United States of America,", Fort Lauderdale, , 33308, United States of America"
572,930000,26.188511,-80.104988,2,2,0.0,Fort Lauderdale,33308,1550,United States of America,", Fort Lauderdale, , 33308, United States of America"
573,1799000,26.188511,-80.104988,3,3,0.15,Fort Lauderdale,33308,2177,United States of America,", Fort Lauderdale, , 33308, United States of America"
574,3100000,26.188511,-80.104988,5,6,0.32,Fort Lauderdale,33308,4507,United States of America,", Fort Lauderdale, , 33308, United States of America"
575,780000,26.188511,-80.104988,2,2,0.0,Fort Lauderdale,33308,1580,United States of America,", Fort Lauderdale, , 33308, United States of America"
576,1800000,26.188511,-80.104988,3,3,0.21,Fort Lauderdale,33308,1908,United States of America,", Fort Lauderdale, , 33308, United States of America"
577,1799000,26.188511,-80.104988,3,3,0.0,Fort Lauderdale,33308,2088,United States of America,", Fort Lauderdale, , 33308, United States of America"
578,2950000,26.188511,-80.104988,3,3,0.22,Fort Lauderdale,33308,2776,United States of America,", Fort Lauderdale, , 33308, United States of America"
579,999999,26.188511,-80.104988,2,3,0.0,Fort Lauderdale,33308,1859,United States of America,", Fort Lauderdale, , 33308, United States of America"
580,2699000,26.148813,-80.263185,4,5,0.0,Lauderdale By The Sea,33308,3854,United States of America,", Lauderdale By The Sea, , 33308, United States of America"
581,1030000,26.188511,-80.104988,2,3,0.0,Fort Lauderdale,33308,2080,United States of America,", Fort Lauderdale, , 33308, United States of America"
582,2299000,26.148813,-80.263185,4,5,0.0,Lauderdale By The Sea,33308,3207,United States of America,", Lauderdale By The Sea, , 33308, United States of America"
583,229000,26.188511,-80.104988,2,2,0.0,Fort Lauderdale,33308,1120,United States of America,", Fort Lauderdale, , 33308, United States of America"
584,239900,26.188511,-80.104988,2,2,0.0,Fort Lauderdale,33308,1180,United States of America,", Fort Lauderdale, , 33308, United States of America"
585,315000,26.188511,-80.104988,2,2,0.0,Fort Lauderdale,33308,1300,United States of America,", Fort Lauderdale, , 33308, United States of America"
586,340000,26.188511,-80.104988,2,2,0.0,Fort Lauderdale,33308,1120,United States of America,", Fort Lauderdale, , 33308, United States of America"
587,299500,26.188511,-80.104988,2,2,0.0,Fort Lauderdale,33308,758,United States of America,", Fort Lauderdale, , 33308, United States of America"
588,600000,26.188511,-80.104988,3,3,0.17,Fort Lauderdale,33308,1732,United States of America,", Fort Lauderdale, , 33308, United States of America"
589,225000,26.188511,-80.104988,2,2,0.0,Fort Lauderdale,33308,1030,United States of America,", Fort Lauderdale, , 33308, United States of America"
590,400000,26.188511,-80.104988,1,1,0.0,Fort Lauderdale,33308,1000,United States of America,", Fort Lauderdale, , 33308, United States of America"
591,315000,26.188511,-80.104988,2,2,0.0,Fort Lauderdale,33308,928,United States of America,", Fort Lauderdale, , 33308, United States of America"
592,270000,26.188511,-80.104988,2,2,0.0,Fort Lauderdale,33308,928,United States of America,", Fort Lauderdale, , 33308, United States of America"
593,10500000,26.188511,-80.104988,5,7,0.78,Fort Lauderdale,33308,6323,United States of America,", Fort Lauderdale, , 33308, United States of America"
594,545000,26.188511,-80.104988,2,2,0.0,Fort Lauderdale,33308,1351,United States of America,", Fort Lauderdale, , 33308, United States of America"
595,425000,26.188511,-80.104988,2,2,0.0,Fort Lauderdale,33308,1400,United States of America,", Fort Lauderdale, , 33308, United States of America"
596,495000,26.188511,-80.104988,2,2,0.0,Fort Lauderdale,33308,1340,United States of America,", Fort Lauderdale, , 33308, United States of America"
597,789000,26.188511,-80.104988,3,2,0.18,Fort Lauderdale,33308,1987,United States of America,", Fort Lauderdale, , 33308, United States of America"
598,415000,26.188511,-80.104988,1,2,0.0,Fort Lauderdale,33308,1050,United States of America,", Fort Lauderdale, , 33308, United States of America"
599,4300000,26.188511,-80.104988,4,5,0.34,Fort Lauderdale,33308,4123,United States of America,", Fort Lauderdale, , 33308, United States of America"
600,699000,26.148813,-80.263185,2,2,0.0,Lauderdale By The Sea,33308,2006,United States of America,", Lauderdale By The Sea, , 33308, United States of America"
601,450000,26.188511,-80.104988,1,2,0.0,Fort Lauderdale,33308,1140,United States of America,", Fort Lauderdale, , 33308, United States of America"
602,2599900,26.188511,-80.104988,3,3,0.21,Fort Lauderdale,33308,2432,United States of America,", Fort Lauderdale, , 33308, United States of America"
